{"cameraMode":{"drawMode":0,"name":"Shaded","section":"Shading Mode"},"sceneLighting":true,"audioPlay":false,"sceneViewState":{"showFog":true,"showMaterialUpdate":false,"showSkybox":false,"showFlares":true,"showImageEffects":true,"showParticleSystems":true},"in2DMode":false,"pivot":{"x":-0.0060405731201171879,"y":18.078832626342775,"z":79.70340728759766},"rotation":{"x":0.06352227181196213,"y":0.9120016694068909,"z":0.15467646718025208,"w":-0.3745679557323456},"size":16.53314971923828,"orthographic":true}