{"cameraMode":{"drawMode":0,"name":"Shaded","section":"Shading Mode"},"sceneLighting":false,"audioPlay":false,"sceneViewState":{"showFog":true,"showMaterialUpdate":true,"showSkybox":false,"showFlares":true,"showImageEffects":true,"showParticleSystems":true},"in2DMode":false,"pivot":{"x":0.7300000190734863,"y":1.0,"z":-10.529999732971192},"rotation":{"x":0.17624090611934663,"y":-0.7685314416885376,"z":0.23899833858013154,"w":0.5667266845703125},"size":1.7320507764816285,"orthographic":true}