{"cameraMode":{"drawMode":0,"name":"Shaded","section":"Shading Mode"},"sceneLighting":false,"audioPlay":false,"sceneViewState":{"showFog":true,"showMaterialUpdate":false,"showSkybox":false,"showFlares":true,"showImageEffects":true,"showParticleSystems":true},"in2DMode":false,"pivot":{"x":0.7300000190734863,"y":1.0,"z":-10.529999732971192},"rotation":{"x":0.012862278148531914,"y":-0.8919767141342163,"z":0.025428155437111856,"w":0.4511837363243103},"size":1.7320507764816285,"orthographic":true}