{"cameraMode":{"drawMode":0,"name":"Shaded","section":"Shading Mode"},"sceneLighting":false,"audioPlay":false,"sceneViewState":{"showFog":true,"showMaterialUpdate":false,"showSkybox":false,"showFlares":true,"showImageEffects":true,"showParticleSystems":true},"in2DMode":false,"pivot":{"x":4.4679718017578129,"y":2.0308961868286135,"z":-9.673431396484375},"rotation":{"x":0.007516210433095694,"y":-0.9084864258766174,"z":0.016354583203792573,"w":0.4175271689891815},"size":2.3724076747894289,"orthographic":true}