{"cameraMode":{"drawMode":0,"name":"Shaded","section":"Shading Mode"},"sceneLighting":false,"audioPlay":false,"sceneViewState":{"showFog":true,"showMaterialUpdate":false,"showSkybox":false,"showFlares":true,"showImageEffects":true,"showParticleSystems":true},"in2DMode":false,"pivot":{"x":0.7300000190734863,"y":1.0,"z":-10.529999732971192},"rotation":{"x":0.26667556166648867,"y":-0.22019214928150178,"z":0.06272169947624207,"w":0.9361975789070129},"size":1.7320507764816285,"orthographic":true}