{"cameraMode":{"drawMode":0,"name":"Shaded","section":"Shading Mode"},"sceneLighting":false,"audioPlay":false,"sceneViewState":{"showFog":true,"showMaterialUpdate":false,"showSkybox":false,"showFlares":true,"showImageEffects":true,"showParticleSystems":true},"in2DMode":false,"pivot":{"x":0.7300000190734863,"y":0.4999999701976776,"z":-10.394999504089356},"rotation":{"x":-0.1009107232093811,"y":-0.01939922384917736,"z":-0.001968120224773884,"w":0.9947046041488648},"size":1.7351926565170289,"orthographic":true}